<?xml version="1.0" encoding="UTF-8"?>
<hazelcast
	xsi:schemaLocation="http://www.hazelcast.com/schema/config hazelcast-config-3.9.xsd"
	xmlns="http://www.hazelcast.com/schema/config" xmlns:xsi="http://www.w3.org/2001/XMLSchema-instance">

	<management-center enabled="false">http://localhost:9999/mancenter</management-center>
	<network>
		<port auto-increment="true" port-count="100">5701</port>
		<!-- Disable joining on localhost so local hazelcast will not join hazelcast colleagues -->
		<join>
			<multicast enabled="false" />
		</join>
	</network>
	
    <map name="*:sessions">
        <!-- 
            Do not set time-to-live-seconds here because Spring Session sets ttl when putting map entries.
            See http://docs.hazelcast.org/docs/3.9.1/manual/html-single/index.html#evicting-specific-entries  
            Set ttl at application.yml > session > timeoutInSeconds, instead.
        -->
    </map>

</hazelcast>
