<?xml version="1.0" encoding="UTF-8"?>
<configuration debug="true">

	<include resource="logback-spring-base.xml" />

	<!-- Application Loggers -->
	<logger name="com.dstsystems.ivradmin">
		<level value="trace" />
	</logger>

	<logger name="org.springframework.jdbc.core.JdbcTemplate">
		<level value="debug" />
	</logger>

	<logger
		name="org.springframework.jdbc.core.StatementCreatorUtils">
		<level value="debug" />
	</logger>

	<logger name="com.hazelcast">
		<level value="info" />
	</logger>
	
	<!-- Root Logger -->
	<root level="info">
		<appender-ref ref="FILE" />
		<appender-ref ref="CONSOLE" />
	</root>

</configuration>
