<?xml version="1.0" encoding="UTF-8"?>
<!-- Base logback configuration -->
<included>

	<property name="BASE_FILENAME" value="${spring.application.name:-admin-tool}" />
	<property name="LOG_PATH" value="${LOG_PATH:-logs}" />

	<!-- Appenders -->
	<appender name="CONSOLE" class="ch.qos.logback.core.ConsoleAppender">
		<encoder>
			<pattern>%d{yyyy-MM-dd HH:mm:ss} %-5p: %c - %m%n</pattern>
		</encoder>
	</appender>
	
	<!-- Override Spring Boot file appender to make time based log file rotation -->
	<appender name="FILE"
		class="ch.qos.logback.core.rolling.RollingFileAppender">

		<file>${LOG_PATH}/server/${BASE_FILENAME}-server.log</file>
		<encoder>
			<pattern>%d{yyyy-MM-dd HH:mm:ss} %-5p: %c - %m%n</pattern>
			<outputPatternAsHeader>true</outputPatternAsHeader>
		</encoder>
		<rollingPolicy
			class="ch.qos.logback.core.rolling.SizeAndTimeBasedRollingPolicy">
			<!-- rollover daily -->
			<fileNamePattern>${LOG_PATH}/cycled/${BASE_FILENAME}-server_%d{yyyy-MM-dd}.cycled_%i.log
			</fileNamePattern>
			<!-- each file should be at most 15MB, keep 7 days worth of history, but 
				at most 250MB -->
			<maxFileSize>15MB</maxFileSize>
			<!-- Assuming a 30 mb day max with two rotations would be 7 days of logs. -->
			<maxHistory>7</maxHistory>
			<totalSizeCap>250MB</totalSizeCap>
			<cleanHistoryOnStart>false</cleanHistoryOnStart>
		</rollingPolicy>
	</appender>

</included>